{
  "project_info": {
    "project_number": "792854707420",
    "project_id": "chatflutter-a265b",
    "storage_bucket": "chatflutter-a265b.appspot.com"
  },
  "client": [
    {
      "client_info": {
        "mobilesdk_app_id": "1:792854707420:android:b544f743f76f69d3a0c819",
        "android_client_info": {
          "package_name": "com.example.chat"
        }
      },
      "oauth_client": [
        {
          "client_id": "792854707420-flag1sao38eb8v56oc5dcn635cetr87q.apps.googleusercontent.com",
          "client_type": 1,
          "android_info": {
            "package_name": "com.example.chat",
            "certificate_hash": "c4333d1ab3954af712c9b067ce851ca32f02f526"
          }
        },
        {
          "client_id": "792854707420-18t2k3hktdpu19bua7qhbqt5apa8ii7p.apps.googleusercontent.com",
          "client_type": 3
        }
      ],
      "api_key": [
        {
          "current_key": "AIzaSyDv1jIGIk3EeYt9Ggpd8weIDoMuqTYdDKc"
        }
      ],
      "services": {
        "appinvite_service": {
          "other_platform_oauth_client": [
            {
              "client_id": "792854707420-18t2k3hktdpu19bua7qhbqt5apa8ii7p.apps.googleusercontent.com",
              "client_type": 3
            }
          ]
        }
      }
    }
  ],
  "configuration_version": "1"
}